id,created_at,userId,heading,content,category,completed
92,2024-05-04 18:50:45.974849+00,1,TTTTTTT,WWWWWWW,Dom,false
9,2023-08-18 16:57:01.444002+00,1,asd,sda,,false
93,2024-05-08 20:21:14.03358+00,1,ytyt,dasdsadadsa,Praca,false
11,2023-08-18 16:57:25.373233+00,1,saddassad,sadsad,,false
12,2023-08-18 16:57:30.272276+00,1,sad,dsa,,false
13,2023-08-18 16:57:38.550097+00,1,asdsad,dsasad,,false
14,2023-08-18 16:58:19.136478+00,1,asdasd,asddas,,false
15,2023-08-18 16:58:23.205125+00,1,ttt,ttt,,false
94,2024-05-08 20:21:27.409372+00,1,yyyyyyyyy,yyyyyyyyyyyyyyyy,Praca,false
18,2023-08-18 17:01:58.911331+00,1,eee,eee,,false
19,2023-08-18 17:03:05.583537+00,1,asdasd,sdadsa,,false
20,2023-08-18 17:04:06.255658+00,1,kkk,kkk,,false
95,2024-05-26 10:04:24.982101+00,1,testtitle,testdescription,1,false
22,2023-08-18 17:05:36.784798+00,1,ggg,ggg,,false
66,2024-04-30 10:02:02.256811+00,1,adssad,adsads,Personal,false
96,2024-05-26 11:04:43.149878+00,1,sadasd,sadsadsad,Dom,false
65,2024-04-30 10:01:59.984798+00,1,dasdsa,dasasd,Personal,false
97,2024-05-26 11:04:54.9545+00,1,999999999,999999999999999999999999999,Dom,false
98,2024-05-26 11:26:46.454916+00,1,fdsdfs,dsfsfd,Rodzina,false
61,2024-04-30 08:16:23.231737+00,1,dsadsadsa,dasadsadsads,Personal,false
80,2024-05-01 12:17:32.213744+00,1,dasasd,asdadsasdads,Dom,false
99,2024-05-26 11:32:16.246108+00,1,asdasdasd,adsadsasdasdads,Dom,false
67,2024-04-30 10:56:37.904723+00,1,test,test,Personal,false
68,2024-04-30 10:57:23.466541+00,1,dsasdasad,sdasad,Personal,false
100,2024-05-26 11:32:25.1364+00,1,q1111,q1111,Przykładowa notatka,false
62,2024-04-30 10:01:49.470283+00,1,test,"test
",Personal,false
70,2024-05-01 10:46:55.478086+00,1,test2,test2,Praca,false
73,2024-05-01 12:04:04.241094+00,1,dasasdasd,dsasad,testowa2,false
75,2024-05-01 12:11:45.518926+00,1,dasads,asdads,Dom,false
76,2024-05-01 12:12:37.588805+00,1,dasasd,adsads,Dom,false
77,2024-05-01 12:15:55.897981+00,1,adsasd,adsads,Dom,false
78,2024-05-01 12:16:02.615089+00,1,adsasd,adsads,Dom,false
79,2024-05-01 12:16:36.692107+00,1,adsasd,asdads,Dom,false
81,2024-05-01 12:18:28.235095+00,1,sda,asd,Dom,false
82,2024-05-01 12:19:51.92489+00,1,dasdsa,dasdas,Dom,false
83,2024-05-01 12:20:13.222439+00,1,dasdsa,adsdas,Dom,false
85,2024-05-01 12:56:26.958248+00,1,Przykładowa notatka,To jest opis przykładowej notatki.,Dom,false
86,2024-05-02 08:40:22.516146+00,1,asd,asd,Dom,false
87,2024-05-02 11:33:32.986833+00,1,dassdaasddasasdasdasdasdasd,adsdasadsasddas,Dom,false
88,2024-05-02 11:33:41.72248+00,1,kk,kkk,testowa2,false
89,2024-05-02 11:36:00.399605+00,1,dd,dd,Dom,false
90,2024-05-02 11:36:55.564926+00,1,ff,ff,Dom,false
36,2023-08-20 11:23:22.514284+00,1,zzz,zzz,,false
37,2023-08-20 11:23:41.538569+00,1,ww,wwww,,false
38,2023-08-20 11:24:12.300193+00,1,[[][],[]][[][],,false
39,2023-08-20 11:24:41.343413+00,1,oooooooooooooooooo,oooooooooooooooooooooooooooooooooooooooooooooooooooooooooooooooooooooooooooooooooooooooooooooooooooooooooooooooooooooooooooooo,,false
74,2024-05-01 12:11:22.09025+00,1,adsdsa,sadasd,Dom,true
91,2024-05-04 16:36:35.432567+00,1,was2222,dwadsasda,Home,false
57,2023-08-20 16:28:16.814418+00,1,Empowering Dynamic User Interfaces,"React, a JavaScript library maintained by Facebook, is a powerhouse for creating dynamic and interactive user interfaces. By utilizing a component-based architecture, React enables developers to build reusable UI elements that seamlessly update in response to changing data. Its virtual DOM efficiently manages updates, resulting in faster and more efficient web applications. Whether you're crafting a single-page app or integrating components into a larger project, React's declarative syntax and strong community support make it a go-to choice for modern web development",Personal,true
58,2023-08-20 16:28:48.824952+00,1,Transforming Web Development,"React, a cutting-edge JavaScript library, revolutionizes the way we build interactive user interfaces. With its component-based architecture, React empowers developers to create reusable UI elements, enhancing efficiency and maintainability. Leveraging a virtual DOM for lightning-fast updates and a unidirectional data flow, React ensures seamless synchronization between data and UI. Whether you're crafting dynamic web applications or engaging user experiences, React's declarative syntax and extensive ecosystem make it a go-to choice for modern web development.",Personal,false