id,created_at,userId,heading,content,category,completed
3,2024-04-30 11:10:01.367246+00,1,dsaasd,asdads,Personal,false
4,2024-04-30 11:10:54.297461+00,1,adsdsa,sdadas,Personal,false
10,2024-05-01 12:23:24.453892+00,1,test,"test
",Do zrobienia,false
8,2024-04-30 11:22:42.920818+00,1,"Lorem ipsum dolor sit amet, consectetur adipiscing elit. Donec vitae viverra eros.","Lorem ipsum dolor sit amet, consectetur adipiscing elit. Donec vitae viverra eros.Lorem ipsum dolor sit amet, consectetur adipiscing elit. Donec vitae viverra eros.",Wstrzymane,true
9,2024-04-30 11:50:07.887606+00,1,fdfdsfsd,fdsfsdfds,Do zrobienia,true
11,2024-05-01 13:07:54.838487+00,1,adssad,dsadas,testowy,false
12,2024-05-01 13:13:34.395324+00,1,dasadsasd,asdasdasd,testowy,false
13,2024-05-01 13:13:38.510781+00,1,adsasdasd,dsadsasad,Wstrzymane,false
14,2024-05-02 08:53:00.632673+00,1,test,test,Do zrobienia,false
7,2024-04-30 11:22:39.707783+00,1,"Lorem ipsum dolor sit amet, consectetur adipiscing elit. Donec vitae viverra eros.","Lorem ipsum dolor sit amet, consectetur adipiscing elit. Donec vitae viverra eros.Lorem ipsum dolor sit amet, consectetur adipiscing elit. Donec vitae viverra eros.Lorem ipsum dolor sit amet, consectetur adipiscing elit. Donec vitae viverra eros.",Ukończone,false
5,2024-04-30 11:11:41.151323+00,1,adssad,adsdas,Do zrobienia,true
6,2024-04-30 11:22:31.459713+00,1,"Lorem ipsum dolor sit amet, consectetur adipiscing elit. Donec vitae viverra eros.","Lorem ipsum dolor sit amet, consectetur adipiscing elit. Donec vitae viverra eros.Lorem ipsum dolor sit amet, consectetur adipiscing elit. Donec vitae viverra eros.",Do zrobienia,true
15,2024-05-03 17:56:15.242329+00,1,dsaas,dasdasda,Do zrobienia,false
16,2024-05-04 18:16:14.839982+00,1,easdadsa,weadsa,Wstrzymane,false
17,2024-05-26 10:28:13.222247+00,1,test title,test description,1,false
18,2024-05-26 11:05:16.812756+00,1,999999999999999999999999999,999999999999999999999999999,Do zrobienia,false
19,2024-06-05 16:37:26.451395+00,1,test title,test description,1,false