id,created_at,userId,content,type,from
1,2024-05-02 08:53:00.618636+00,1,Pomyślnie dodano zadanie!,success,Zadania
2,2024-05-02 10:58:20.173418+00,1,Pomyślnie dodano wydyarzenie!,success,Kalendarz
3,2024-05-02 11:01:38.202696+00,1,Pomyślnie dodano wydarzenie!,success,Kalendarz
4,2024-05-02 11:33:32.920816+00,1,Pomyślnie dodano notatkę!,success,Notatki
5,2024-05-02 11:33:41.712323+00,1,Pomyślnie dodano notatkę!,success,Notatki
6,2024-05-02 11:36:00.424153+00,1,Pomyślnie dodano notatkę!,success,Notatki
7,2024-05-02 11:36:55.565358+00,1,Pomyślnie dodano notatkę!,success,Notatki
8,2024-05-03 12:35:43.961234+00,1,Pomyślnie dodano wydarzenie!,success,Kalendarz
9,2024-05-03 17:56:15.258182+00,1,Pomyślnie dodano zadanie!,success,Zadania
10,2024-05-03 19:06:40.83878+00,1,Zdjęcie zostało dodane!,success,Profil
11,2024-05-03 19:07:26.527157+00,1,Zdjęcie zostało dodane!,success,Profil
12,2024-05-03 19:09:29.195291+00,1,Zdjęcie zostało dodane!,success,Profil
13,2024-05-03 19:10:57.761859+00,1,Zdjęcie zostało dodane!,success,Profil
14,2024-05-03 19:42:40.804572+00,1,Pomyślnie zmieniono hasło!,success,Profil
15,2024-05-03 19:42:51.373354+00,1,Pomyślnie zmieniono hasło!,success,Profil
16,2024-05-03 19:44:35.507473+00,1,Pomyślnie zmieniono hasło!,success,Profil
17,2024-05-03 19:45:58.396249+00,1,Pomyślnie zmieniono hasło!,success,Profil
18,2024-05-03 19:46:03.854181+00,1,Pomyślnie zmieniono hasło!,success,Profil
19,2024-05-03 19:46:08.65124+00,1,Pomyślnie zmieniono hasło!,success,Profil
20,2024-05-03 19:46:20.130038+00,1,Zdjęcie zostało usunięte!,success,Profil
21,2024-05-03 19:46:52.444342+00,1,Zdjęcie zostało usunięte!,success,Profil
22,2024-05-03 20:47:02.852825+00,1,Zdjęcie zostało dodane!,success,Profil
23,2024-05-03 20:48:12.127422+00,1,Zdjęcie zostało usunięte!,success,Profil
24,2024-05-03 20:48:19.027253+00,1,Zdjęcie zostało dodane!,success,Profil
25,2024-05-04 18:50:45.971722+00,1,Pomyślnie dodano notatkę!,success,Notatki
26,2024-05-07 16:17:09.123455+00,1,Pomyślnie dodano nowy przedmiot!,success,Szkoła
27,2024-05-07 16:17:14.166215+00,1,Pomyślnie dodano nowy przedmiot!,success,Szkoła
28,2024-05-07 16:21:45.474998+00,1,Pomyślnie dodano nowy przedmiot!,success,Szkoła
29,2024-05-07 16:33:00.478807+00,1,Pomyślnie dodano nowy przedmiot!,success,Szkoła
30,2024-05-07 16:56:00.71648+00,1,Pomyślnie dodano nowe wydarzenie!,success,Szkoła
31,2024-05-07 16:56:57.993537+00,1,Pomyślnie dodano nowe wydarzenie!,success,Szkoła
32,2024-05-07 16:58:10.932102+00,1,Pomyślnie dodano nowe wydarzenie!,success,Szkoła
33,2024-05-07 17:00:12.400043+00,1,Pomyślnie dodano nowe wydarzenie!,success,Szkoła
34,2024-05-07 17:01:06.884987+00,1,Pomyślnie dodano nowe wydarzenie!,success,Szkoła
35,2024-05-07 17:01:39.525224+00,1,Pomyślnie dodano nowe wydarzenie!,success,Szkoła
36,2024-05-07 17:04:16.322152+00,1,Pomyślnie dodano nowe wydarzenie!,success,Szkoła
37,2024-05-07 17:05:22.945195+00,1,Pomyślnie dodano nowe wydarzenie!,success,Szkoła
38,2024-05-07 17:07:49.82595+00,1,Pomyślnie dodano nowe wydarzenie!,success,Szkoła
39,2024-05-07 17:07:55.770689+00,1,Pomyślnie dodano nowy przedmiot!,success,Szkoła
40,2024-05-07 17:10:01.455448+00,1,Pomyślnie dodano nowe wydarzenie!,success,Szkoła
41,2024-05-07 17:10:08.023521+00,1,Pomyślnie dodano nowy przedmiot!,success,Szkoła
42,2024-05-07 17:11:54.713101+00,1,Pomyślnie dodano nowe wydarzenie!,success,Szkoła
43,2024-05-07 17:11:58.145299+00,1,Pomyślnie dodano nowy przedmiot!,success,Szkoła
44,2024-05-07 17:26:51.108665+00,1,Pomyślnie dodano nowy egzamin!,success,Szkoła
45,2024-05-07 17:28:05.11731+00,1,Pomyślnie dodano nowy egzamin!,success,Szkoła
46,2024-05-07 17:29:19.490816+00,1,Pomyślnie dodano nowy egzamin!,success,Szkoła
47,2024-05-07 17:30:14.967001+00,1,Pomyślnie dodano nowy egzamin!,success,Szkoła
48,2024-05-07 17:31:50.437911+00,1,Pomyślnie dodano nowy egzamin!,success,Szkoła
49,2024-05-07 17:32:03.776152+00,1,Pomyślnie dodano nowy egzamin!,success,Szkoła
50,2024-05-07 17:32:16.651009+00,1,Pomyślnie dodano nowy egzamin!,success,Szkoła
51,2024-05-07 17:51:57.334472+00,1,Pomyślnie dodano nową aktywność!,success,Szkoła
52,2024-05-07 17:54:59.630801+00,1,Pomyślnie dodano nową aktywność!,success,Szkoła
53,2024-05-07 17:59:27.990635+00,1,Pomyślnie dodano nowe wydarzenie!,success,Szkoła
54,2024-05-07 18:00:44.987675+00,1,Pomyślnie dodano nowe wydarzenie!,success,Szkoła
55,2024-05-07 18:02:38.490284+00,1,Pomyślnie dodano nowe wydarzenie!,success,Szkoła
56,2024-05-07 18:10:47.428726+00,1,Pomyślnie dodano nową aktywność!,success,Szkoła
57,2024-05-07 18:12:24.230811+00,1,Pomyślnie dodano nową aktywność!,success,Szkoła
58,2024-05-08 20:21:14.046796+00,1,Pomyślnie dodano notatkę!,success,Notatki
59,2024-05-08 20:21:27.413355+00,1,Pomyślnie dodano notatkę!,success,Notatki
60,2024-05-10 13:17:56.713743+00,1,Pomyślnie dodano nowe wydarzenie!,success,Szkoła
61,2024-05-10 13:19:07.93785+00,1,Pomyślnie dodano nowy egzamin!,success,Szkoła
62,2024-05-12 09:40:49.476832+00,1,Pomyślnie dodano nową aktywność!,success,Praca
63,2024-05-12 09:41:44.244083+00,1,Pomyślnie dodano nową aktywność!,success,Praca
64,2024-05-12 09:42:23.342552+00,1,Pomyślnie dodano nową aktywność!,success,Praca
65,2024-05-12 09:43:25.750985+00,1,Pomyślnie dodano nową aktywność!,success,Praca
66,2024-05-12 09:43:54.599055+00,1,Pomyślnie dodano nową aktywność!,success,Praca
67,2024-05-12 09:47:14.535453+00,1,Pomyślnie dodano nową aktywność!,success,Praca
68,2024-05-12 10:07:10.131523+00,1,Pomyślnie dodano nowe zadanie!,success,Praca
69,2024-05-12 10:07:22.906122+00,1,Pomyślnie dodano nowe zadanie!,success,Praca
70,2024-05-12 10:27:42.725207+00,1,Pomyślnie dodano nowe spotkanie!,success,Praca
71,2024-05-12 10:27:56.596923+00,1,Pomyślnie dodano nowe spotkanie!,success,Praca
72,2024-05-12 10:51:50.71313+00,1,Pomyślnie dodano nowe wydarzenie!,success,Szkoła
73,2024-05-12 10:52:09.527634+00,1,Pomyślnie dodano nowy egzamin!,success,Szkoła
74,2024-05-16 12:32:51.219759+00,1,Pomyślnie dodano nową aktywność!,success,Praca
75,2024-05-17 12:21:18.642547+00,1,Pomyślnie dodano nowe spotkanie!,success,Praca
76,2024-05-17 12:21:34.715635+00,1,Pomyślnie dodano nowe zadanie!,success,Praca
77,2024-05-17 12:21:47.923087+00,1,Pomyślnie dodano nową aktywność!,success,Praca
78,2024-05-17 12:44:37.534645+00,1,Pomyślnie dodano nową aktywność!,success,Praca
79,2024-05-17 12:44:53.381568+00,1,Pomyślnie dodano nową aktywność!,success,Praca
80,2024-05-19 11:44:31.296353+00,1,Pomyślnie dodano nowe wydarzenie!,success,Szkoła
81,2024-05-19 11:45:44.920089+00,1,Pomyślnie dodano nowy przedmiot!,success,Szkoła
82,2024-05-19 11:51:03.487451+00,1,Pomyślnie dodano nową aktywność!,success,Szkoła
83,2024-05-19 11:59:55.32506+00,1,Pomyślnie dodano nowy egzamin!,success,Szkoła
84,2024-05-19 12:14:29.634416+00,1,Pomyślnie dodano nowe wydarzenie!,success,Szkoła
85,2024-05-19 12:14:45.436797+00,1,Pomyślnie dodano nowy przedmiot!,success,Szkoła
86,2024-05-19 12:15:20.811566+00,1,Pomyślnie dodano nowy egzamin!,success,Szkoła
87,2024-05-19 12:15:36.26396+00,1,Pomyślnie dodano nową aktywność!,success,Szkoła
88,2024-05-19 12:16:50.824236+00,1,Pomyślnie dodano nowe spotkanie!,success,Praca
89,2024-05-19 12:17:04.291262+00,1,Pomyślnie dodano nowe zadanie!,success,Praca
90,2024-05-19 12:17:22.49253+00,1,Pomyślnie dodano nową aktywność!,success,Praca
91,2024-05-19 12:18:12.806977+00,1,Pomyślnie dodano nową aktywność!,success,Praca
92,2024-05-19 14:36:44.291552+00,1,Pomyślnie dodano nowy przedmiot!,success,Szkoła
93,2024-05-19 15:02:53.618346+00,1,Pomyślnie dodano nową aktywność!,success,Szkoła
94,2024-05-21 14:56:41.048685+00,1,Pomyślnie dodano nowe wydarzenie!,success,Szkoła
95,2024-05-21 14:57:38.188057+00,1,Pomyślnie dodano nowy egzamin!,success,Szkoła
96,2024-05-21 16:40:57.52539+00,1,Pomyślnie dodano nowe spotkanie!,success,Praca
97,2024-05-21 16:41:36.721928+00,1,Pomyślnie dodano nowe spotkanie!,success,Praca
98,2024-05-21 16:41:56.988998+00,1,Pomyślnie dodano nowe zadanie!,success,Praca
99,2024-05-21 16:43:25.309017+00,1,Pomyślnie dodano nowe wydarzenie!,success,Szkoła
100,2024-05-21 16:44:14.399149+00,1,Pomyślnie dodano nową aktywność!,success,Szkoła
101,2024-05-21 16:44:36.024812+00,1,Pomyślnie dodano nowy egzamin!,success,Szkoła
102,2024-05-21 21:03:38.595889+00,1,Pomyślnie dodano nowe spotkanie!,success,Praca
103,2024-05-22 16:23:05.828684+00,1,Pomyślnie dodano nowe spotkanie!,success,Praca
104,2024-05-22 16:24:02.972114+00,1,Pomyślnie dodano nowe wydarzenie!,success,Szkoła
105,2024-05-22 16:24:49.517729+00,1,Pomyślnie dodano nowe wydarzenie!,success,Szkoła
106,2024-05-22 16:25:58.550874+00,1,Pomyślnie dodano nowe wydarzenie!,success,Szkoła
107,2024-05-26 10:18:11.532272+00,,test content,success,test
108,2024-05-26 10:19:04.122103+00,1,test content,success,test
109,2024-05-26 10:20:49.738545+00,1,,,
110,2024-05-26 10:55:30.086163+00,1,Pomyślnie dodano nowe wydarzenie!,success,Szkoła
111,2024-05-26 10:58:54.397609+00,1,Pomyślnie dodano nowe wydarzenie!,success,Szkoła
112,2024-05-26 11:02:20.035105+00,1,Pomyślnie dodano nowe wydarzenie!,success,Szkoła
113,2024-05-26 11:03:01.130405+00,1,Pomyślnie dodano nowe wydarzenie!,success,Szkoła
114,2024-05-26 11:03:49.702631+00,1,Pomyślnie dodano nowy egzamin!,success,Szkoła
115,2024-05-26 11:04:30.99574+00,1,Pomyślnie dodano wydarzenie!,success,Kalendarz
116,2024-05-26 11:04:43.059289+00,1,Pomyślnie dodano notatkę!,success,Notatki
117,2024-05-26 11:04:54.964125+00,1,Pomyślnie dodano notatkę!,success,Notatki
118,2024-05-26 11:05:16.752603+00,1,Pomyślnie dodano zadanie!,success,Zadania
119,2024-05-26 11:05:39.337701+00,1,Pomyślnie dodano nowe spotkanie!,success,Praca
120,2024-05-26 11:05:53.169074+00,1,Pomyślnie dodano nowe zadanie!,success,Praca
121,2024-05-26 11:06:08.369758+00,1,Pomyślnie dodano nową aktywność!,success,Praca
122,2024-05-26 11:11:10.89578+00,1,Pomyślnie dodano nowe wydarzenie!,success,Szkoła
123,2024-05-26 11:11:56.383425+00,1,Pomyślnie dodano nowe wydarzenie!,success,Szkoła
124,2024-05-26 11:13:34.542036+00,1,Pomyślnie dodano nowe wydarzenie!,success,Szkoła
125,2024-05-26 11:15:23.603783+00,1,Pomyślnie dodano nowy przedmiot!,success,Szkoła
126,2024-05-26 11:16:56.247011+00,1,Pomyślnie dodano nową aktywność!,success,Szkoła
127,2024-05-26 11:18:17.143938+00,1,Pomyślnie dodano nową aktywność!,success,Szkoła
128,2024-05-26 11:19:51.965923+00,1,Pomyślnie dodano nową aktywność!,success,Szkoła
129,2024-05-26 11:20:05.120447+00,1,Pomyślnie dodano nowy egzamin!,success,Szkoła
130,2024-05-26 11:21:26.737355+00,1,Pomyślnie dodano nowy egzamin!,success,Szkoła
131,2024-05-26 11:22:19.18732+00,1,Pomyślnie dodano nową aktywność!,success,Praca
132,2024-05-26 11:24:29.824305+00,1,Pomyślnie dodano nowe spotkanie!,success,Praca
133,2024-05-26 11:24:41.191142+00,1,Pomyślnie dodano nowe spotkanie!,success,Praca
134,2024-05-26 11:24:51.806582+00,1,Pomyślnie dodano nowe zadanie!,success,Praca
135,2024-05-26 11:25:02.506402+00,1,Pomyślnie dodano nową aktywność!,success,Praca
136,2024-05-26 11:26:46.497144+00,1,Pomyślnie dodano notatkę!,success,Notatki
137,2024-05-26 11:32:16.144346+00,1,Pomyślnie dodano notatkę!,success,Notatki
138,2024-05-26 11:32:25.139153+00,1,Pomyślnie dodano notatkę!,success,Notatki
139,2024-05-26 19:59:07.131909+00,1,Pomyślnie dodano nowe zadanie!,success,Praca
140,2024-05-29 22:16:08.285518+00,1,Pomyślnie dodano nowy egzamin!,success,Szkoła
141,2024-05-29 22:16:26.614073+00,1,Pomyślnie dodano nowy egzamin!,success,Szkoła
142,2024-05-29 22:20:41.057764+00,1,Pomyślnie dodano nowe wydarzenie!,success,Szkoła
143,2024-05-29 22:21:47.453674+00,1,Pomyślnie dodano nowe wydarzenie!,success,Szkoła
144,2024-05-29 22:35:35.322994+00,1,Pomyślnie dodano nowy egzamin!,success,Szkoła
145,2024-05-30 07:47:56.617972+00,1,Pomyślnie dodano nową aktywność!,success,Szkoła
146,2024-05-30 08:04:32.381443+00,1,Pomyślnie dodano nowy egzamin!,success,Szkoła
147,2024-05-30 08:05:03.490113+00,1,Pomyślnie dodano nowy egzamin!,success,Szkoła
148,2024-05-30 08:05:23.153019+00,1,Pomyślnie dodano nowy egzamin!,success,Szkoła
149,2024-05-30 08:05:40.36304+00,1,Pomyślnie dodano nową aktywność!,success,Szkoła
150,2024-05-30 08:05:54.568236+00,1,Pomyślnie dodano nową aktywność!,success,Szkoła
151,2024-05-30 14:04:47.598954+00,1,Pomyślnie dodano nowe spotkanie!,success,Praca
152,2024-05-30 14:05:15.214087+00,1,Pomyślnie dodano nowe spotkanie!,success,Praca
153,2024-05-30 14:06:18.968115+00,1,Pomyślnie dodano nowe zadanie!,success,Praca
154,2024-05-30 14:18:24.032692+00,1,Pomyślnie dodano nowe zadanie!,success,Praca
155,2024-05-30 14:18:48.447348+00,1,Pomyślnie dodano nowe zadanie!,success,Praca
156,2024-05-30 14:19:02.033951+00,1,Pomyślnie dodano nowe zadanie!,success,Praca
157,2024-05-30 14:19:38.531588+00,1,Pomyślnie dodano nowe zadanie!,success,Praca
158,2024-06-04 12:51:22.815327+00,1,Pomyślnie dodano nowe zadanie!,success,Praca
159,2024-06-04 12:51:41.630373+00,1,Pomyślnie dodano nowe zadanie!,success,Praca
160,2024-06-04 12:51:56.915386+00,1,Pomyślnie dodano nowe zadanie!,success,Praca